{"v":4,"entries":{"components-alert--docs":{"id":"components-alert--docs","title":"Components/Alert","name":"Docs","importPath":"./stories/Alert.stories.tsx","type":"docs","tags":["autodocs","docs"],"storiesImports":[]},"components-alert--info":{"type":"story","id":"components-alert--info","name":"Info","title":"Components/Alert","importPath":"./stories/Alert.stories.tsx","tags":["autodocs","story"]},"components-alert--success":{"type":"story","id":"components-alert--success","name":"Success","title":"Components/Alert","importPath":"./stories/Alert.stories.tsx","tags":["autodocs","story"]},"components-alert--warning":{"type":"story","id":"components-alert--warning","name":"Warning","title":"Components/Alert","importPath":"./stories/Alert.stories.tsx","tags":["autodocs","story"]},"components-alert--danger":{"type":"story","id":"components-alert--danger","name":"Danger","title":"Components/Alert","importPath":"./stories/Alert.stories.tsx","tags":["autodocs","story"]},"components-alert--form-errors-use-case":{"type":"story","id":"components-alert--form-errors-use-case","name":"Form Error (Real Use Case)","title":"Components/Alert","importPath":"./stories/Alert.stories.tsx","tags":["autodocs","story"]},"components-avatar--docs":{"id":"components-avatar--docs","title":"Components/Avatar","name":"Docs","importPath":"./stories/Avatar.stories.tsx","type":"docs","tags":["autodocs","docs"],"storiesImports":[]},"components-avatar--default":{"type":"story","id":"components-avatar--default","name":"Default","title":"Components/Avatar","importPath":"./stories/Avatar.stories.tsx","tags":["autodocs","story"]},"components-avatar--with-fallback":{"type":"story","id":"components-avatar--with-fallback","name":"With Fallback","title":"Components/Avatar","importPath":"./stories/Avatar.stories.tsx","tags":["autodocs","story"]},"components-avatar--group":{"type":"story","id":"components-avatar--group","name":"Group","title":"Components/Avatar","importPath":"./stories/Avatar.stories.tsx","tags":["autodocs","story"]},"components-avatar--user-profile-use-case":{"type":"story","id":"components-avatar--user-profile-use-case","name":"User Profile (Real Use Case)","title":"Components/Avatar","importPath":"./stories/Avatar.stories.tsx","tags":["autodocs","story"]},"components-badge--docs":{"id":"components-badge--docs","title":"Components/Badge","name":"Docs","importPath":"./stories/Badge.stories.tsx","type":"docs","tags":["autodocs","docs"],"storiesImports":[]},"components-badge--default":{"type":"story","id":"components-badge--default","name":"Default","title":"Components/Badge","importPath":"./stories/Badge.stories.tsx","tags":["autodocs","story"]},"components-badge--variants":{"type":"story","id":"components-badge--variants","name":"Variants","title":"Components/Badge","importPath":"./stories/Badge.stories.tsx","tags":["autodocs","story"]},"components-badge--notification-badges-use-case":{"type":"story","id":"components-badge--notification-badges-use-case","name":"Notification/Status Badges (Real Use Case)","title":"Components/Badge","importPath":"./stories/Badge.stories.tsx","tags":["autodocs","story"]},"components-button--docs":{"id":"components-button--docs","title":"Components/Button","name":"Docs","importPath":"./stories/Button.stories.tsx","type":"docs","tags":["autodocs","docs"],"storiesImports":[]},"components-button--primary":{"type":"story","id":"components-button--primary","name":"Primary","title":"Components/Button","importPath":"./stories/Button.stories.tsx","tags":["autodocs","story"]},"components-button--secondary":{"type":"story","id":"components-button--secondary","name":"Secondary","title":"Components/Button","importPath":"./stories/Button.stories.tsx","tags":["autodocs","story"]},"components-button--danger":{"type":"story","id":"components-button--danger","name":"Danger","title":"Components/Button","importPath":"./stories/Button.stories.tsx","tags":["autodocs","story"]},"components-button--success":{"type":"story","id":"components-button--success","name":"Success","title":"Components/Button","importPath":"./stories/Button.stories.tsx","tags":["autodocs","story"]},"components-button--sizes":{"type":"story","id":"components-button--sizes","name":"Sizes","title":"Components/Button","importPath":"./stories/Button.stories.tsx","tags":["autodocs","story"]},"components-button--variants":{"type":"story","id":"components-button--variants","name":"Variants","title":"Components/Button","importPath":"./stories/Button.stories.tsx","tags":["autodocs","story"]},"components-button--toolbar-use-case":{"type":"story","id":"components-button--toolbar-use-case","name":"Toolbar (Real Use Case)","title":"Components/Button","importPath":"./stories/Button.stories.tsx","tags":["autodocs","story"]},"components-card--docs":{"id":"components-card--docs","title":"Components/Card","name":"Docs","importPath":"./stories/Card.stories.tsx","type":"docs","tags":["autodocs","docs"],"storiesImports":[]},"components-card--default":{"type":"story","id":"components-card--default","name":"Default","title":"Components/Card","importPath":"./stories/Card.stories.tsx","tags":["autodocs","story"]},"components-card--elevated":{"type":"story","id":"components-card--elevated","name":"Elevated","title":"Components/Card","importPath":"./stories/Card.stories.tsx","tags":["autodocs","story"]},"components-card--group":{"type":"story","id":"components-card--group","name":"Group","title":"Components/Card","importPath":"./stories/Card.stories.tsx","tags":["autodocs","story"]},"components-card--dashboard-cards-use-case":{"type":"story","id":"components-card--dashboard-cards-use-case","name":"Dashboard Cards (Real Use Case)","title":"Components/Card","importPath":"./stories/Card.stories.tsx","tags":["autodocs","story"]},"components-checkbox--docs":{"id":"components-checkbox--docs","title":"Components/Checkbox","name":"Docs","importPath":"./stories/Checkbox.stories.tsx","type":"docs","tags":["autodocs","docs"],"storiesImports":[]},"components-checkbox--unchecked":{"type":"story","id":"components-checkbox--unchecked","name":"Unchecked","title":"Components/Checkbox","importPath":"./stories/Checkbox.stories.tsx","tags":["autodocs","story"]},"components-checkbox--checked":{"type":"story","id":"components-checkbox--checked","name":"Checked","title":"Components/Checkbox","importPath":"./stories/Checkbox.stories.tsx","tags":["autodocs","story"]},"components-checkbox--disabled":{"type":"story","id":"components-checkbox--disabled","name":"Disabled","title":"Components/Checkbox","importPath":"./stories/Checkbox.stories.tsx","tags":["autodocs","story"]},"components-checkbox--sizes":{"type":"story","id":"components-checkbox--sizes","name":"Sizes","title":"Components/Checkbox","importPath":"./stories/Checkbox.stories.tsx","tags":["autodocs","story"]},"components-checkbox--filter-panel-use-case":{"type":"story","id":"components-checkbox--filter-panel-use-case","name":"Filter Panel (Real Use Case)","title":"Components/Checkbox","importPath":"./stories/Checkbox.stories.tsx","tags":["autodocs","story"]},"components-dashboardgrid--docs":{"id":"components-dashboardgrid--docs","title":"Components/DashboardGrid","name":"Docs","importPath":"./stories/DashboardGrid.stories.tsx","type":"docs","tags":["autodocs","docs"],"storiesImports":[]},"components-dashboardgrid--default":{"type":"story","id":"components-dashboardgrid--default","name":"Default","title":"Components/DashboardGrid","importPath":"./stories/DashboardGrid.stories.tsx","tags":["autodocs","story"]},"components-dashboardgrid--analytics-widgets-use-case":{"type":"story","id":"components-dashboardgrid--analytics-widgets-use-case","name":"Analytics / Widgets Grid (Real Use Case)","title":"Components/DashboardGrid","importPath":"./stories/DashboardGrid.stories.tsx","tags":["autodocs","story"]},"components-dashboardheader--docs":{"id":"components-dashboardheader--docs","title":"Components/DashboardHeader","name":"Docs","importPath":"./stories/DashboardHeader.stories.tsx","type":"docs","tags":["autodocs","docs"],"storiesImports":[]},"components-dashboardheader--default":{"type":"story","id":"components-dashboardheader--default","name":"Default","title":"Components/DashboardHeader","importPath":"./stories/DashboardHeader.stories.tsx","tags":["autodocs","story"]},"components-dashboardheader--header-with-actions-use-case":{"type":"story","id":"components-dashboardheader--header-with-actions-use-case","name":"Header With Actions (Real Use Case)","title":"Components/DashboardHeader","importPath":"./stories/DashboardHeader.stories.tsx","tags":["autodocs","story"]},"components-dashboardlayout--docs":{"id":"components-dashboardlayout--docs","title":"Components/DashboardLayout","name":"Docs","importPath":"./stories/DashboardLayout.stories.tsx","type":"docs","tags":["autodocs","docs"],"storiesImports":[]},"components-dashboardlayout--default":{"type":"story","id":"components-dashboardlayout--default","name":"Default","title":"Components/DashboardLayout","importPath":"./stories/DashboardLayout.stories.tsx","tags":["autodocs","story"]},"components-dashboardlayout--analytics-dashboard":{"type":"story","id":"components-dashboardlayout--analytics-dashboard","name":"Analytics Dashboard (Real Use Case)","title":"Components/DashboardLayout","importPath":"./stories/DashboardLayout.stories.tsx","tags":["autodocs","story"]},"components-datatable--docs":{"id":"components-datatable--docs","title":"Components/DataTable","name":"Docs","importPath":"./stories/DataTable.stories.tsx","type":"docs","tags":["autodocs","docs"],"storiesImports":[]},"components-datatable--default":{"type":"story","id":"components-datatable--default","name":"Default","title":"Components/DataTable","importPath":"./stories/DataTable.stories.tsx","tags":["autodocs","story"]},"components-datatable--with-row-selection":{"type":"story","id":"components-datatable--with-row-selection","name":"With Row Selection","title":"Components/DataTable","importPath":"./stories/DataTable.stories.tsx","tags":["autodocs","story"]},"components-datatable--bordered":{"type":"story","id":"components-datatable--bordered","name":"Bordered","title":"Components/DataTable","importPath":"./stories/DataTable.stories.tsx","tags":["autodocs","story"]},"components-datatable--small":{"type":"story","id":"components-datatable--small","name":"Small","title":"Components/DataTable","importPath":"./stories/DataTable.stories.tsx","tags":["autodocs","story"]},"components-datatable--loading":{"type":"story","id":"components-datatable--loading","name":"Loading","title":"Components/DataTable","importPath":"./stories/DataTable.stories.tsx","tags":["autodocs","story"]},"components-datatable--empty":{"type":"story","id":"components-datatable--empty","name":"Empty","title":"Components/DataTable","importPath":"./stories/DataTable.stories.tsx","tags":["autodocs","story"]},"components-datatable--with-title":{"type":"story","id":"components-datatable--with-title","name":"With Title","title":"Components/DataTable","importPath":"./stories/DataTable.stories.tsx","tags":["autodocs","story"]},"components-input--docs":{"id":"components-input--docs","title":"Components/Input","name":"Docs","importPath":"./stories/Input.stories.tsx","type":"docs","tags":["autodocs","docs"],"storiesImports":[]},"components-input--default":{"type":"story","id":"components-input--default","name":"Default","title":"Components/Input","importPath":"./stories/Input.stories.tsx","tags":["autodocs","story"]},"components-input--success":{"type":"story","id":"components-input--success","name":"Success","title":"Components/Input","importPath":"./stories/Input.stories.tsx","tags":["autodocs","story"]},"components-input--error":{"type":"story","id":"components-input--error","name":"Error","title":"Components/Input","importPath":"./stories/Input.stories.tsx","tags":["autodocs","story"]},"components-input--sizes":{"type":"story","id":"components-input--sizes","name":"Sizes","title":"Components/Input","importPath":"./stories/Input.stories.tsx","tags":["autodocs","story"]},"components-input--form-use-case":{"type":"story","id":"components-input--form-use-case","name":"Simple Form (Real Use Case)","title":"Components/Input","importPath":"./stories/Input.stories.tsx","tags":["autodocs","story"]},"auth-loginform--docs":{"id":"auth-loginform--docs","title":"Auth/LoginForm","name":"Docs","importPath":"./stories/LoginForm.stories.tsx","type":"docs","tags":["autodocs","docs"],"storiesImports":[]},"auth-loginform--default":{"type":"story","id":"auth-loginform--default","name":"Default","title":"Auth/LoginForm","importPath":"./stories/LoginForm.stories.tsx","tags":["autodocs","story"]},"components-modal--docs":{"id":"components-modal--docs","title":"Components/Modal","name":"Docs","importPath":"./stories/Modal.stories.tsx","type":"docs","tags":["autodocs","docs"],"storiesImports":[]},"components-modal--default":{"type":"story","id":"components-modal--default","name":"Default","title":"Components/Modal","importPath":"./stories/Modal.stories.tsx","tags":["autodocs","story"]},"components-modal--modal-form-use-case":{"type":"story","id":"components-modal--modal-form-use-case","name":"Modal with Form (Real Use Case)","title":"Components/Modal","importPath":"./stories/Modal.stories.tsx","tags":["autodocs","story"]},"components-navbar--docs":{"id":"components-navbar--docs","title":"Components/Navbar","name":"Docs","importPath":"./stories/Navbar.stories.tsx","type":"docs","tags":["autodocs","docs"],"storiesImports":[]},"components-navbar--default":{"type":"story","id":"components-navbar--default","name":"Default","title":"Components/Navbar","importPath":"./stories/Navbar.stories.tsx","tags":["autodocs","story"]},"components-navbar--app-bar-use-case":{"type":"story","id":"components-navbar--app-bar-use-case","name":"App Bar (Real Use Case)","title":"Components/Navbar","importPath":"./stories/Navbar.stories.tsx","tags":["autodocs","story"]},"components-pagelayout--docs":{"id":"components-pagelayout--docs","title":"Components/PageLayout","name":"Docs","importPath":"./stories/PageLayout.stories.tsx","type":"docs","tags":["autodocs","docs"],"storiesImports":[]},"components-pagelayout--default":{"type":"story","id":"components-pagelayout--default","name":"Default","title":"Components/PageLayout","importPath":"./stories/PageLayout.stories.tsx","tags":["autodocs","story"]},"components-pagelayout--centered":{"type":"story","id":"components-pagelayout--centered","name":"Centered","title":"Components/PageLayout","importPath":"./stories/PageLayout.stories.tsx","tags":["autodocs","story"]},"components-pagelayout--sidebar-layout":{"type":"story","id":"components-pagelayout--sidebar-layout","name":"Sidebar Layout","title":"Components/PageLayout","importPath":"./stories/PageLayout.stories.tsx","tags":["autodocs","story"]},"components-pagelayout--landing-page":{"type":"story","id":"components-pagelayout--landing-page","name":"Landing Page (Full Demo)","title":"Components/PageLayout","importPath":"./stories/PageLayout.stories.tsx","tags":["autodocs","story"]},"components-pagelayout--product-page":{"type":"story","id":"components-pagelayout--product-page","name":"Product Page (Full Demo)","title":"Components/PageLayout","importPath":"./stories/PageLayout.stories.tsx","tags":["autodocs","story"]},"components-pagelayout--blog-page":{"type":"story","id":"components-pagelayout--blog-page","name":"Blog Page (Full Demo)","title":"Components/PageLayout","importPath":"./stories/PageLayout.stories.tsx","tags":["autodocs","story"]},"components-pagelayout--responsive-with-hook":{"type":"story","id":"components-pagelayout--responsive-with-hook","name":"Responsive Layout (with useBreakpoint)","title":"Components/PageLayout","importPath":"./stories/PageLayout.stories.tsx","tags":["autodocs","story"]},"components-pagelayout--theme-switch-dark-mode":{"type":"story","id":"components-pagelayout--theme-switch-dark-mode","name":"Theme Switch/Dark Mode","title":"Components/PageLayout","importPath":"./stories/PageLayout.stories.tsx","tags":["autodocs","story"]},"auth-passwordresetform--docs":{"id":"auth-passwordresetform--docs","title":"Auth/PasswordResetForm","name":"Docs","importPath":"./stories/PasswordResetForm.stories.tsx","type":"docs","tags":["autodocs","docs"],"storiesImports":[]},"auth-passwordresetform--default":{"type":"story","id":"auth-passwordresetform--default","name":"Default","title":"Auth/PasswordResetForm","importPath":"./stories/PasswordResetForm.stories.tsx","tags":["autodocs","story"]},"auth-isauthenticatedshield--docs":{"id":"auth-isauthenticatedshield--docs","title":"Auth/!isAuthenticatedShield","name":"Docs","importPath":"./stories/ProtectedRoute.stories.tsx","type":"docs","tags":["autodocs","docs"],"storiesImports":[]},"auth-isauthenticatedshield--default":{"type":"story","id":"auth-isauthenticatedshield--default","name":"Default","title":"Auth/!isAuthenticatedShield","importPath":"./stories/ProtectedRoute.stories.tsx","tags":["autodocs","story"]},"components-sidebar--docs":{"id":"components-sidebar--docs","title":"Components/Sidebar","name":"Docs","importPath":"./stories/Sidebar.stories.tsx","type":"docs","tags":["autodocs","docs"],"storiesImports":[]},"components-sidebar--default":{"type":"story","id":"components-sidebar--default","name":"Default","title":"Components/Sidebar","importPath":"./stories/Sidebar.stories.tsx","tags":["autodocs","story"]},"components-sidebar--dashboard-use-case":{"type":"story","id":"components-sidebar--dashboard-use-case","name":"Dashboard (Real Use Case)","title":"Components/Sidebar","importPath":"./stories/Sidebar.stories.tsx","tags":["autodocs","story"]},"auth-signupform--docs":{"id":"auth-signupform--docs","title":"Auth/SignupForm","name":"Docs","importPath":"./stories/SignupForm.stories.tsx","type":"docs","tags":["autodocs","docs"],"storiesImports":[]},"auth-signupform--default":{"type":"story","id":"auth-signupform--default","name":"Default","title":"Auth/SignupForm","importPath":"./stories/SignupForm.stories.tsx","tags":["autodocs","story"]},"components-skeleton--docs":{"id":"components-skeleton--docs","title":"Components/Skeleton","name":"Docs","importPath":"./stories/Skeleton.stories.tsx","type":"docs","tags":["autodocs","docs"],"storiesImports":[]},"components-skeleton--single":{"type":"story","id":"components-skeleton--single","name":"Single","title":"Components/Skeleton","importPath":"./stories/Skeleton.stories.tsx","tags":["autodocs","story"]},"components-skeleton--group":{"type":"story","id":"components-skeleton--group","name":"Group","title":"Components/Skeleton","importPath":"./stories/Skeleton.stories.tsx","tags":["autodocs","story"]},"components-skeleton--skeleton-card-use-case":{"type":"story","id":"components-skeleton--skeleton-card-use-case","name":"Loading Card (Real Use Case)","title":"Components/Skeleton","importPath":"./stories/Skeleton.stories.tsx","tags":["autodocs","story"]},"components-spinner--docs":{"id":"components-spinner--docs","title":"Components/Spinner","name":"Docs","importPath":"./stories/Spinner.stories.tsx","type":"docs","tags":["autodocs","docs"],"storiesImports":[]},"components-spinner--default":{"type":"story","id":"components-spinner--default","name":"Default","title":"Components/Spinner","importPath":"./stories/Spinner.stories.tsx","tags":["autodocs","story"]},"components-spinner--inline":{"type":"story","id":"components-spinner--inline","name":"Inline","title":"Components/Spinner","importPath":"./stories/Spinner.stories.tsx","tags":["autodocs","story"]},"components-spinner--in-button":{"type":"story","id":"components-spinner--in-button","name":"In Button","title":"Components/Spinner","importPath":"./stories/Spinner.stories.tsx","tags":["autodocs","story"]},"components-spinner--loading-overlay-use-case":{"type":"story","id":"components-spinner--loading-overlay-use-case","name":"Loading Overlay (Real Use Case)","title":"Components/Spinner","importPath":"./stories/Spinner.stories.tsx","tags":["autodocs","story"]},"components-statscard--docs":{"id":"components-statscard--docs","title":"Components/StatsCard","name":"Docs","importPath":"./stories/StatsCard.stories.tsx","type":"docs","tags":["autodocs","docs"],"storiesImports":[]},"components-statscard--default":{"type":"story","id":"components-statscard--default","name":"Default","title":"Components/StatsCard","importPath":"./stories/StatsCard.stories.tsx","tags":["autodocs","story"]},"components-statscard--gradient-success":{"type":"story","id":"components-statscard--gradient-success","name":"Gradient Success","title":"Components/StatsCard","importPath":"./stories/StatsCard.stories.tsx","tags":["autodocs","story"]},"components-statscard--group":{"type":"story","id":"components-statscard--group","name":"Group","title":"Components/StatsCard","importPath":"./stories/StatsCard.stories.tsx","tags":["autodocs","story"]},"components-switch--docs":{"id":"components-switch--docs","title":"Components/Switch","name":"Docs","importPath":"./stories/Switch.stories.tsx","type":"docs","tags":["autodocs","docs"],"storiesImports":[]},"components-switch--unchecked":{"type":"story","id":"components-switch--unchecked","name":"Unchecked","title":"Components/Switch","importPath":"./stories/Switch.stories.tsx","tags":["autodocs","story"]},"components-switch--checked":{"type":"story","id":"components-switch--checked","name":"Checked","title":"Components/Switch","importPath":"./stories/Switch.stories.tsx","tags":["autodocs","story"]},"components-switch--disabled":{"type":"story","id":"components-switch--disabled","name":"Disabled","title":"Components/Switch","importPath":"./stories/Switch.stories.tsx","tags":["autodocs","story"]},"components-switch--all":{"type":"story","id":"components-switch--all","name":"All","title":"Components/Switch","importPath":"./stories/Switch.stories.tsx","tags":["autodocs","story"]},"components-switch--settings-panel-use-case":{"type":"story","id":"components-switch--settings-panel-use-case","name":"Settings Panel (Real Use Case)","title":"Components/Switch","importPath":"./stories/Switch.stories.tsx","tags":["autodocs","story"]},"components-tabs--docs":{"id":"components-tabs--docs","title":"Components/Tabs","name":"Docs","importPath":"./stories/Tabs.stories.tsx","type":"docs","tags":["autodocs","docs"],"storiesImports":[]},"components-tabs--default":{"type":"story","id":"components-tabs--default","name":"Default","title":"Components/Tabs","importPath":"./stories/Tabs.stories.tsx","tags":["autodocs","story"]},"components-textarea--docs":{"id":"components-textarea--docs","title":"Components/Textarea","name":"Docs","importPath":"./stories/Textarea.stories.tsx","type":"docs","tags":["autodocs","docs"],"storiesImports":[]},"components-textarea--default":{"type":"story","id":"components-textarea--default","name":"Default","title":"Components/Textarea","importPath":"./stories/Textarea.stories.tsx","tags":["autodocs","story"]},"components-textarea--success":{"type":"story","id":"components-textarea--success","name":"Success","title":"Components/Textarea","importPath":"./stories/Textarea.stories.tsx","tags":["autodocs","story"]},"components-textarea--error":{"type":"story","id":"components-textarea--error","name":"Error","title":"Components/Textarea","importPath":"./stories/Textarea.stories.tsx","tags":["autodocs","story"]},"components-textarea--disabled":{"type":"story","id":"components-textarea--disabled","name":"Disabled","title":"Components/Textarea","importPath":"./stories/Textarea.stories.tsx","tags":["autodocs","story"]},"components-textarea--comment-box-use-case":{"type":"story","id":"components-textarea--comment-box-use-case","name":"Comment Box (Real Use Case)","title":"Components/Textarea","importPath":"./stories/Textarea.stories.tsx","tags":["autodocs","story"]},"components-toast--docs":{"id":"components-toast--docs","title":"Components/Toast","name":"Docs","importPath":"./stories/Toast.stories.tsx","type":"docs","tags":["autodocs","docs"],"storiesImports":[]},"components-toast--default":{"type":"story","id":"components-toast--default","name":"Default","title":"Components/Toast","importPath":"./stories/Toast.stories.tsx","tags":["autodocs","story"]},"components-toast--toast-after-form":{"type":"story","id":"components-toast--toast-after-form","name":"Toast after Form Submit (Real Use Case)","title":"Components/Toast","importPath":"./stories/Toast.stories.tsx","tags":["autodocs","story"]}}}
