{"v":3,"stories":{"components-alert--docs":{"id":"components-alert--docs","title":"Components/Alert","name":"Docs","importPath":"./stories/Alert.stories.tsx","tags":["autodocs","docs"],"storiesImports":[],"kind":"Components/Alert","story":"Docs","parameters":{"__id":"components-alert--docs","docsOnly":true,"fileName":"./stories/Alert.stories.tsx"}},"components-alert--info":{"id":"components-alert--info","name":"Info","title":"Components/Alert","importPath":"./stories/Alert.stories.tsx","tags":["autodocs","story"],"kind":"Components/Alert","story":"Info","parameters":{"__id":"components-alert--info","docsOnly":false,"fileName":"./stories/Alert.stories.tsx"}},"components-alert--success":{"id":"components-alert--success","name":"Success","title":"Components/Alert","importPath":"./stories/Alert.stories.tsx","tags":["autodocs","story"],"kind":"Components/Alert","story":"Success","parameters":{"__id":"components-alert--success","docsOnly":false,"fileName":"./stories/Alert.stories.tsx"}},"components-alert--warning":{"id":"components-alert--warning","name":"Warning","title":"Components/Alert","importPath":"./stories/Alert.stories.tsx","tags":["autodocs","story"],"kind":"Components/Alert","story":"Warning","parameters":{"__id":"components-alert--warning","docsOnly":false,"fileName":"./stories/Alert.stories.tsx"}},"components-alert--danger":{"id":"components-alert--danger","name":"Danger","title":"Components/Alert","importPath":"./stories/Alert.stories.tsx","tags":["autodocs","story"],"kind":"Components/Alert","story":"Danger","parameters":{"__id":"components-alert--danger","docsOnly":false,"fileName":"./stories/Alert.stories.tsx"}},"components-alert--form-errors-use-case":{"id":"components-alert--form-errors-use-case","name":"Form Error (Real Use Case)","title":"Components/Alert","importPath":"./stories/Alert.stories.tsx","tags":["autodocs","story"],"kind":"Components/Alert","story":"Form Error (Real Use Case)","parameters":{"__id":"components-alert--form-errors-use-case","docsOnly":false,"fileName":"./stories/Alert.stories.tsx"}},"components-avatar--docs":{"id":"components-avatar--docs","title":"Components/Avatar","name":"Docs","importPath":"./stories/Avatar.stories.tsx","tags":["autodocs","docs"],"storiesImports":[],"kind":"Components/Avatar","story":"Docs","parameters":{"__id":"components-avatar--docs","docsOnly":true,"fileName":"./stories/Avatar.stories.tsx"}},"components-avatar--default":{"id":"components-avatar--default","name":"Default","title":"Components/Avatar","importPath":"./stories/Avatar.stories.tsx","tags":["autodocs","story"],"kind":"Components/Avatar","story":"Default","parameters":{"__id":"components-avatar--default","docsOnly":false,"fileName":"./stories/Avatar.stories.tsx"}},"components-avatar--with-fallback":{"id":"components-avatar--with-fallback","name":"With Fallback","title":"Components/Avatar","importPath":"./stories/Avatar.stories.tsx","tags":["autodocs","story"],"kind":"Components/Avatar","story":"With Fallback","parameters":{"__id":"components-avatar--with-fallback","docsOnly":false,"fileName":"./stories/Avatar.stories.tsx"}},"components-avatar--group":{"id":"components-avatar--group","name":"Group","title":"Components/Avatar","importPath":"./stories/Avatar.stories.tsx","tags":["autodocs","story"],"kind":"Components/Avatar","story":"Group","parameters":{"__id":"components-avatar--group","docsOnly":false,"fileName":"./stories/Avatar.stories.tsx"}},"components-avatar--user-profile-use-case":{"id":"components-avatar--user-profile-use-case","name":"User Profile (Real Use Case)","title":"Components/Avatar","importPath":"./stories/Avatar.stories.tsx","tags":["autodocs","story"],"kind":"Components/Avatar","story":"User Profile (Real Use Case)","parameters":{"__id":"components-avatar--user-profile-use-case","docsOnly":false,"fileName":"./stories/Avatar.stories.tsx"}},"components-badge--docs":{"id":"components-badge--docs","title":"Components/Badge","name":"Docs","importPath":"./stories/Badge.stories.tsx","tags":["autodocs","docs"],"storiesImports":[],"kind":"Components/Badge","story":"Docs","parameters":{"__id":"components-badge--docs","docsOnly":true,"fileName":"./stories/Badge.stories.tsx"}},"components-badge--default":{"id":"components-badge--default","name":"Default","title":"Components/Badge","importPath":"./stories/Badge.stories.tsx","tags":["autodocs","story"],"kind":"Components/Badge","story":"Default","parameters":{"__id":"components-badge--default","docsOnly":false,"fileName":"./stories/Badge.stories.tsx"}},"components-badge--variants":{"id":"components-badge--variants","name":"Variants","title":"Components/Badge","importPath":"./stories/Badge.stories.tsx","tags":["autodocs","story"],"kind":"Components/Badge","story":"Variants","parameters":{"__id":"components-badge--variants","docsOnly":false,"fileName":"./stories/Badge.stories.tsx"}},"components-badge--notification-badges-use-case":{"id":"components-badge--notification-badges-use-case","name":"Notification/Status Badges (Real Use Case)","title":"Components/Badge","importPath":"./stories/Badge.stories.tsx","tags":["autodocs","story"],"kind":"Components/Badge","story":"Notification/Status Badges (Real Use Case)","parameters":{"__id":"components-badge--notification-badges-use-case","docsOnly":false,"fileName":"./stories/Badge.stories.tsx"}},"components-button--docs":{"id":"components-button--docs","title":"Components/Button","name":"Docs","importPath":"./stories/Button.stories.tsx","tags":["autodocs","docs"],"storiesImports":[],"kind":"Components/Button","story":"Docs","parameters":{"__id":"components-button--docs","docsOnly":true,"fileName":"./stories/Button.stories.tsx"}},"components-button--primary":{"id":"components-button--primary","name":"Primary","title":"Components/Button","importPath":"./stories/Button.stories.tsx","tags":["autodocs","story"],"kind":"Components/Button","story":"Primary","parameters":{"__id":"components-button--primary","docsOnly":false,"fileName":"./stories/Button.stories.tsx"}},"components-button--secondary":{"id":"components-button--secondary","name":"Secondary","title":"Components/Button","importPath":"./stories/Button.stories.tsx","tags":["autodocs","story"],"kind":"Components/Button","story":"Secondary","parameters":{"__id":"components-button--secondary","docsOnly":false,"fileName":"./stories/Button.stories.tsx"}},"components-button--danger":{"id":"components-button--danger","name":"Danger","title":"Components/Button","importPath":"./stories/Button.stories.tsx","tags":["autodocs","story"],"kind":"Components/Button","story":"Danger","parameters":{"__id":"components-button--danger","docsOnly":false,"fileName":"./stories/Button.stories.tsx"}},"components-button--success":{"id":"components-button--success","name":"Success","title":"Components/Button","importPath":"./stories/Button.stories.tsx","tags":["autodocs","story"],"kind":"Components/Button","story":"Success","parameters":{"__id":"components-button--success","docsOnly":false,"fileName":"./stories/Button.stories.tsx"}},"components-button--sizes":{"id":"components-button--sizes","name":"Sizes","title":"Components/Button","importPath":"./stories/Button.stories.tsx","tags":["autodocs","story"],"kind":"Components/Button","story":"Sizes","parameters":{"__id":"components-button--sizes","docsOnly":false,"fileName":"./stories/Button.stories.tsx"}},"components-button--variants":{"id":"components-button--variants","name":"Variants","title":"Components/Button","importPath":"./stories/Button.stories.tsx","tags":["autodocs","story"],"kind":"Components/Button","story":"Variants","parameters":{"__id":"components-button--variants","docsOnly":false,"fileName":"./stories/Button.stories.tsx"}},"components-button--toolbar-use-case":{"id":"components-button--toolbar-use-case","name":"Toolbar (Real Use Case)","title":"Components/Button","importPath":"./stories/Button.stories.tsx","tags":["autodocs","story"],"kind":"Components/Button","story":"Toolbar (Real Use Case)","parameters":{"__id":"components-button--toolbar-use-case","docsOnly":false,"fileName":"./stories/Button.stories.tsx"}},"components-card--docs":{"id":"components-card--docs","title":"Components/Card","name":"Docs","importPath":"./stories/Card.stories.tsx","tags":["autodocs","docs"],"storiesImports":[],"kind":"Components/Card","story":"Docs","parameters":{"__id":"components-card--docs","docsOnly":true,"fileName":"./stories/Card.stories.tsx"}},"components-card--default":{"id":"components-card--default","name":"Default","title":"Components/Card","importPath":"./stories/Card.stories.tsx","tags":["autodocs","story"],"kind":"Components/Card","story":"Default","parameters":{"__id":"components-card--default","docsOnly":false,"fileName":"./stories/Card.stories.tsx"}},"components-card--elevated":{"id":"components-card--elevated","name":"Elevated","title":"Components/Card","importPath":"./stories/Card.stories.tsx","tags":["autodocs","story"],"kind":"Components/Card","story":"Elevated","parameters":{"__id":"components-card--elevated","docsOnly":false,"fileName":"./stories/Card.stories.tsx"}},"components-card--group":{"id":"components-card--group","name":"Group","title":"Components/Card","importPath":"./stories/Card.stories.tsx","tags":["autodocs","story"],"kind":"Components/Card","story":"Group","parameters":{"__id":"components-card--group","docsOnly":false,"fileName":"./stories/Card.stories.tsx"}},"components-card--dashboard-cards-use-case":{"id":"components-card--dashboard-cards-use-case","name":"Dashboard Cards (Real Use Case)","title":"Components/Card","importPath":"./stories/Card.stories.tsx","tags":["autodocs","story"],"kind":"Components/Card","story":"Dashboard Cards (Real Use Case)","parameters":{"__id":"components-card--dashboard-cards-use-case","docsOnly":false,"fileName":"./stories/Card.stories.tsx"}},"components-checkbox--docs":{"id":"components-checkbox--docs","title":"Components/Checkbox","name":"Docs","importPath":"./stories/Checkbox.stories.tsx","tags":["autodocs","docs"],"storiesImports":[],"kind":"Components/Checkbox","story":"Docs","parameters":{"__id":"components-checkbox--docs","docsOnly":true,"fileName":"./stories/Checkbox.stories.tsx"}},"components-checkbox--unchecked":{"id":"components-checkbox--unchecked","name":"Unchecked","title":"Components/Checkbox","importPath":"./stories/Checkbox.stories.tsx","tags":["autodocs","story"],"kind":"Components/Checkbox","story":"Unchecked","parameters":{"__id":"components-checkbox--unchecked","docsOnly":false,"fileName":"./stories/Checkbox.stories.tsx"}},"components-checkbox--checked":{"id":"components-checkbox--checked","name":"Checked","title":"Components/Checkbox","importPath":"./stories/Checkbox.stories.tsx","tags":["autodocs","story"],"kind":"Components/Checkbox","story":"Checked","parameters":{"__id":"components-checkbox--checked","docsOnly":false,"fileName":"./stories/Checkbox.stories.tsx"}},"components-checkbox--disabled":{"id":"components-checkbox--disabled","name":"Disabled","title":"Components/Checkbox","importPath":"./stories/Checkbox.stories.tsx","tags":["autodocs","story"],"kind":"Components/Checkbox","story":"Disabled","parameters":{"__id":"components-checkbox--disabled","docsOnly":false,"fileName":"./stories/Checkbox.stories.tsx"}},"components-checkbox--sizes":{"id":"components-checkbox--sizes","name":"Sizes","title":"Components/Checkbox","importPath":"./stories/Checkbox.stories.tsx","tags":["autodocs","story"],"kind":"Components/Checkbox","story":"Sizes","parameters":{"__id":"components-checkbox--sizes","docsOnly":false,"fileName":"./stories/Checkbox.stories.tsx"}},"components-checkbox--filter-panel-use-case":{"id":"components-checkbox--filter-panel-use-case","name":"Filter Panel (Real Use Case)","title":"Components/Checkbox","importPath":"./stories/Checkbox.stories.tsx","tags":["autodocs","story"],"kind":"Components/Checkbox","story":"Filter Panel (Real Use Case)","parameters":{"__id":"components-checkbox--filter-panel-use-case","docsOnly":false,"fileName":"./stories/Checkbox.stories.tsx"}},"components-dashboardgrid--docs":{"id":"components-dashboardgrid--docs","title":"Components/DashboardGrid","name":"Docs","importPath":"./stories/DashboardGrid.stories.tsx","tags":["autodocs","docs"],"storiesImports":[],"kind":"Components/DashboardGrid","story":"Docs","parameters":{"__id":"components-dashboardgrid--docs","docsOnly":true,"fileName":"./stories/DashboardGrid.stories.tsx"}},"components-dashboardgrid--default":{"id":"components-dashboardgrid--default","name":"Default","title":"Components/DashboardGrid","importPath":"./stories/DashboardGrid.stories.tsx","tags":["autodocs","story"],"kind":"Components/DashboardGrid","story":"Default","parameters":{"__id":"components-dashboardgrid--default","docsOnly":false,"fileName":"./stories/DashboardGrid.stories.tsx"}},"components-dashboardgrid--analytics-widgets-use-case":{"id":"components-dashboardgrid--analytics-widgets-use-case","name":"Analytics / Widgets Grid (Real Use Case)","title":"Components/DashboardGrid","importPath":"./stories/DashboardGrid.stories.tsx","tags":["autodocs","story"],"kind":"Components/DashboardGrid","story":"Analytics / Widgets Grid (Real Use Case)","parameters":{"__id":"components-dashboardgrid--analytics-widgets-use-case","docsOnly":false,"fileName":"./stories/DashboardGrid.stories.tsx"}},"components-dashboardheader--docs":{"id":"components-dashboardheader--docs","title":"Components/DashboardHeader","name":"Docs","importPath":"./stories/DashboardHeader.stories.tsx","tags":["autodocs","docs"],"storiesImports":[],"kind":"Components/DashboardHeader","story":"Docs","parameters":{"__id":"components-dashboardheader--docs","docsOnly":true,"fileName":"./stories/DashboardHeader.stories.tsx"}},"components-dashboardheader--default":{"id":"components-dashboardheader--default","name":"Default","title":"Components/DashboardHeader","importPath":"./stories/DashboardHeader.stories.tsx","tags":["autodocs","story"],"kind":"Components/DashboardHeader","story":"Default","parameters":{"__id":"components-dashboardheader--default","docsOnly":false,"fileName":"./stories/DashboardHeader.stories.tsx"}},"components-dashboardheader--header-with-actions-use-case":{"id":"components-dashboardheader--header-with-actions-use-case","name":"Header With Actions (Real Use Case)","title":"Components/DashboardHeader","importPath":"./stories/DashboardHeader.stories.tsx","tags":["autodocs","story"],"kind":"Components/DashboardHeader","story":"Header With Actions (Real Use Case)","parameters":{"__id":"components-dashboardheader--header-with-actions-use-case","docsOnly":false,"fileName":"./stories/DashboardHeader.stories.tsx"}},"components-dashboardlayout--docs":{"id":"components-dashboardlayout--docs","title":"Components/DashboardLayout","name":"Docs","importPath":"./stories/DashboardLayout.stories.tsx","tags":["autodocs","docs"],"storiesImports":[],"kind":"Components/DashboardLayout","story":"Docs","parameters":{"__id":"components-dashboardlayout--docs","docsOnly":true,"fileName":"./stories/DashboardLayout.stories.tsx"}},"components-dashboardlayout--default":{"id":"components-dashboardlayout--default","name":"Default","title":"Components/DashboardLayout","importPath":"./stories/DashboardLayout.stories.tsx","tags":["autodocs","story"],"kind":"Components/DashboardLayout","story":"Default","parameters":{"__id":"components-dashboardlayout--default","docsOnly":false,"fileName":"./stories/DashboardLayout.stories.tsx"}},"components-dashboardlayout--analytics-dashboard":{"id":"components-dashboardlayout--analytics-dashboard","name":"Analytics Dashboard (Real Use Case)","title":"Components/DashboardLayout","importPath":"./stories/DashboardLayout.stories.tsx","tags":["autodocs","story"],"kind":"Components/DashboardLayout","story":"Analytics Dashboard (Real Use Case)","parameters":{"__id":"components-dashboardlayout--analytics-dashboard","docsOnly":false,"fileName":"./stories/DashboardLayout.stories.tsx"}},"components-datatable--docs":{"id":"components-datatable--docs","title":"Components/DataTable","name":"Docs","importPath":"./stories/DataTable.stories.tsx","tags":["autodocs","docs"],"storiesImports":[],"kind":"Components/DataTable","story":"Docs","parameters":{"__id":"components-datatable--docs","docsOnly":true,"fileName":"./stories/DataTable.stories.tsx"}},"components-datatable--default":{"id":"components-datatable--default","name":"Default","title":"Components/DataTable","importPath":"./stories/DataTable.stories.tsx","tags":["autodocs","story"],"kind":"Components/DataTable","story":"Default","parameters":{"__id":"components-datatable--default","docsOnly":false,"fileName":"./stories/DataTable.stories.tsx"}},"components-datatable--with-row-selection":{"id":"components-datatable--with-row-selection","name":"With Row Selection","title":"Components/DataTable","importPath":"./stories/DataTable.stories.tsx","tags":["autodocs","story"],"kind":"Components/DataTable","story":"With Row Selection","parameters":{"__id":"components-datatable--with-row-selection","docsOnly":false,"fileName":"./stories/DataTable.stories.tsx"}},"components-datatable--bordered":{"id":"components-datatable--bordered","name":"Bordered","title":"Components/DataTable","importPath":"./stories/DataTable.stories.tsx","tags":["autodocs","story"],"kind":"Components/DataTable","story":"Bordered","parameters":{"__id":"components-datatable--bordered","docsOnly":false,"fileName":"./stories/DataTable.stories.tsx"}},"components-datatable--small":{"id":"components-datatable--small","name":"Small","title":"Components/DataTable","importPath":"./stories/DataTable.stories.tsx","tags":["autodocs","story"],"kind":"Components/DataTable","story":"Small","parameters":{"__id":"components-datatable--small","docsOnly":false,"fileName":"./stories/DataTable.stories.tsx"}},"components-datatable--loading":{"id":"components-datatable--loading","name":"Loading","title":"Components/DataTable","importPath":"./stories/DataTable.stories.tsx","tags":["autodocs","story"],"kind":"Components/DataTable","story":"Loading","parameters":{"__id":"components-datatable--loading","docsOnly":false,"fileName":"./stories/DataTable.stories.tsx"}},"components-datatable--empty":{"id":"components-datatable--empty","name":"Empty","title":"Components/DataTable","importPath":"./stories/DataTable.stories.tsx","tags":["autodocs","story"],"kind":"Components/DataTable","story":"Empty","parameters":{"__id":"components-datatable--empty","docsOnly":false,"fileName":"./stories/DataTable.stories.tsx"}},"components-datatable--with-title":{"id":"components-datatable--with-title","name":"With Title","title":"Components/DataTable","importPath":"./stories/DataTable.stories.tsx","tags":["autodocs","story"],"kind":"Components/DataTable","story":"With Title","parameters":{"__id":"components-datatable--with-title","docsOnly":false,"fileName":"./stories/DataTable.stories.tsx"}},"components-input--docs":{"id":"components-input--docs","title":"Components/Input","name":"Docs","importPath":"./stories/Input.stories.tsx","tags":["autodocs","docs"],"storiesImports":[],"kind":"Components/Input","story":"Docs","parameters":{"__id":"components-input--docs","docsOnly":true,"fileName":"./stories/Input.stories.tsx"}},"components-input--default":{"id":"components-input--default","name":"Default","title":"Components/Input","importPath":"./stories/Input.stories.tsx","tags":["autodocs","story"],"kind":"Components/Input","story":"Default","parameters":{"__id":"components-input--default","docsOnly":false,"fileName":"./stories/Input.stories.tsx"}},"components-input--success":{"id":"components-input--success","name":"Success","title":"Components/Input","importPath":"./stories/Input.stories.tsx","tags":["autodocs","story"],"kind":"Components/Input","story":"Success","parameters":{"__id":"components-input--success","docsOnly":false,"fileName":"./stories/Input.stories.tsx"}},"components-input--error":{"id":"components-input--error","name":"Error","title":"Components/Input","importPath":"./stories/Input.stories.tsx","tags":["autodocs","story"],"kind":"Components/Input","story":"Error","parameters":{"__id":"components-input--error","docsOnly":false,"fileName":"./stories/Input.stories.tsx"}},"components-input--sizes":{"id":"components-input--sizes","name":"Sizes","title":"Components/Input","importPath":"./stories/Input.stories.tsx","tags":["autodocs","story"],"kind":"Components/Input","story":"Sizes","parameters":{"__id":"components-input--sizes","docsOnly":false,"fileName":"./stories/Input.stories.tsx"}},"components-input--form-use-case":{"id":"components-input--form-use-case","name":"Simple Form (Real Use Case)","title":"Components/Input","importPath":"./stories/Input.stories.tsx","tags":["autodocs","story"],"kind":"Components/Input","story":"Simple Form (Real Use Case)","parameters":{"__id":"components-input--form-use-case","docsOnly":false,"fileName":"./stories/Input.stories.tsx"}},"auth-loginform--docs":{"id":"auth-loginform--docs","title":"Auth/LoginForm","name":"Docs","importPath":"./stories/LoginForm.stories.tsx","tags":["autodocs","docs"],"storiesImports":[],"kind":"Auth/LoginForm","story":"Docs","parameters":{"__id":"auth-loginform--docs","docsOnly":true,"fileName":"./stories/LoginForm.stories.tsx"}},"auth-loginform--default":{"id":"auth-loginform--default","name":"Default","title":"Auth/LoginForm","importPath":"./stories/LoginForm.stories.tsx","tags":["autodocs","story"],"kind":"Auth/LoginForm","story":"Default","parameters":{"__id":"auth-loginform--default","docsOnly":false,"fileName":"./stories/LoginForm.stories.tsx"}},"components-modal--docs":{"id":"components-modal--docs","title":"Components/Modal","name":"Docs","importPath":"./stories/Modal.stories.tsx","tags":["autodocs","docs"],"storiesImports":[],"kind":"Components/Modal","story":"Docs","parameters":{"__id":"components-modal--docs","docsOnly":true,"fileName":"./stories/Modal.stories.tsx"}},"components-modal--default":{"id":"components-modal--default","name":"Default","title":"Components/Modal","importPath":"./stories/Modal.stories.tsx","tags":["autodocs","story"],"kind":"Components/Modal","story":"Default","parameters":{"__id":"components-modal--default","docsOnly":false,"fileName":"./stories/Modal.stories.tsx"}},"components-modal--modal-form-use-case":{"id":"components-modal--modal-form-use-case","name":"Modal with Form (Real Use Case)","title":"Components/Modal","importPath":"./stories/Modal.stories.tsx","tags":["autodocs","story"],"kind":"Components/Modal","story":"Modal with Form (Real Use Case)","parameters":{"__id":"components-modal--modal-form-use-case","docsOnly":false,"fileName":"./stories/Modal.stories.tsx"}},"components-navbar--docs":{"id":"components-navbar--docs","title":"Components/Navbar","name":"Docs","importPath":"./stories/Navbar.stories.tsx","tags":["autodocs","docs"],"storiesImports":[],"kind":"Components/Navbar","story":"Docs","parameters":{"__id":"components-navbar--docs","docsOnly":true,"fileName":"./stories/Navbar.stories.tsx"}},"components-navbar--default":{"id":"components-navbar--default","name":"Default","title":"Components/Navbar","importPath":"./stories/Navbar.stories.tsx","tags":["autodocs","story"],"kind":"Components/Navbar","story":"Default","parameters":{"__id":"components-navbar--default","docsOnly":false,"fileName":"./stories/Navbar.stories.tsx"}},"components-navbar--app-bar-use-case":{"id":"components-navbar--app-bar-use-case","name":"App Bar (Real Use Case)","title":"Components/Navbar","importPath":"./stories/Navbar.stories.tsx","tags":["autodocs","story"],"kind":"Components/Navbar","story":"App Bar (Real Use Case)","parameters":{"__id":"components-navbar--app-bar-use-case","docsOnly":false,"fileName":"./stories/Navbar.stories.tsx"}},"components-pagelayout--docs":{"id":"components-pagelayout--docs","title":"Components/PageLayout","name":"Docs","importPath":"./stories/PageLayout.stories.tsx","tags":["autodocs","docs"],"storiesImports":[],"kind":"Components/PageLayout","story":"Docs","parameters":{"__id":"components-pagelayout--docs","docsOnly":true,"fileName":"./stories/PageLayout.stories.tsx"}},"components-pagelayout--default":{"id":"components-pagelayout--default","name":"Default","title":"Components/PageLayout","importPath":"./stories/PageLayout.stories.tsx","tags":["autodocs","story"],"kind":"Components/PageLayout","story":"Default","parameters":{"__id":"components-pagelayout--default","docsOnly":false,"fileName":"./stories/PageLayout.stories.tsx"}},"components-pagelayout--centered":{"id":"components-pagelayout--centered","name":"Centered","title":"Components/PageLayout","importPath":"./stories/PageLayout.stories.tsx","tags":["autodocs","story"],"kind":"Components/PageLayout","story":"Centered","parameters":{"__id":"components-pagelayout--centered","docsOnly":false,"fileName":"./stories/PageLayout.stories.tsx"}},"components-pagelayout--sidebar-layout":{"id":"components-pagelayout--sidebar-layout","name":"Sidebar Layout","title":"Components/PageLayout","importPath":"./stories/PageLayout.stories.tsx","tags":["autodocs","story"],"kind":"Components/PageLayout","story":"Sidebar Layout","parameters":{"__id":"components-pagelayout--sidebar-layout","docsOnly":false,"fileName":"./stories/PageLayout.stories.tsx"}},"components-pagelayout--landing-page":{"id":"components-pagelayout--landing-page","name":"Landing Page (Full Demo)","title":"Components/PageLayout","importPath":"./stories/PageLayout.stories.tsx","tags":["autodocs","story"],"kind":"Components/PageLayout","story":"Landing Page (Full Demo)","parameters":{"__id":"components-pagelayout--landing-page","docsOnly":false,"fileName":"./stories/PageLayout.stories.tsx"}},"components-pagelayout--product-page":{"id":"components-pagelayout--product-page","name":"Product Page (Full Demo)","title":"Components/PageLayout","importPath":"./stories/PageLayout.stories.tsx","tags":["autodocs","story"],"kind":"Components/PageLayout","story":"Product Page (Full Demo)","parameters":{"__id":"components-pagelayout--product-page","docsOnly":false,"fileName":"./stories/PageLayout.stories.tsx"}},"components-pagelayout--blog-page":{"id":"components-pagelayout--blog-page","name":"Blog Page (Full Demo)","title":"Components/PageLayout","importPath":"./stories/PageLayout.stories.tsx","tags":["autodocs","story"],"kind":"Components/PageLayout","story":"Blog Page (Full Demo)","parameters":{"__id":"components-pagelayout--blog-page","docsOnly":false,"fileName":"./stories/PageLayout.stories.tsx"}},"components-pagelayout--responsive-with-hook":{"id":"components-pagelayout--responsive-with-hook","name":"Responsive Layout (with useBreakpoint)","title":"Components/PageLayout","importPath":"./stories/PageLayout.stories.tsx","tags":["autodocs","story"],"kind":"Components/PageLayout","story":"Responsive Layout (with useBreakpoint)","parameters":{"__id":"components-pagelayout--responsive-with-hook","docsOnly":false,"fileName":"./stories/PageLayout.stories.tsx"}},"components-pagelayout--theme-switch-dark-mode":{"id":"components-pagelayout--theme-switch-dark-mode","name":"Theme Switch/Dark Mode","title":"Components/PageLayout","importPath":"./stories/PageLayout.stories.tsx","tags":["autodocs","story"],"kind":"Components/PageLayout","story":"Theme Switch/Dark Mode","parameters":{"__id":"components-pagelayout--theme-switch-dark-mode","docsOnly":false,"fileName":"./stories/PageLayout.stories.tsx"}},"auth-passwordresetform--docs":{"id":"auth-passwordresetform--docs","title":"Auth/PasswordResetForm","name":"Docs","importPath":"./stories/PasswordResetForm.stories.tsx","tags":["autodocs","docs"],"storiesImports":[],"kind":"Auth/PasswordResetForm","story":"Docs","parameters":{"__id":"auth-passwordresetform--docs","docsOnly":true,"fileName":"./stories/PasswordResetForm.stories.tsx"}},"auth-passwordresetform--default":{"id":"auth-passwordresetform--default","name":"Default","title":"Auth/PasswordResetForm","importPath":"./stories/PasswordResetForm.stories.tsx","tags":["autodocs","story"],"kind":"Auth/PasswordResetForm","story":"Default","parameters":{"__id":"auth-passwordresetform--default","docsOnly":false,"fileName":"./stories/PasswordResetForm.stories.tsx"}},"auth-isauthenticatedshield--docs":{"id":"auth-isauthenticatedshield--docs","title":"Auth/!isAuthenticatedShield","name":"Docs","importPath":"./stories/ProtectedRoute.stories.tsx","tags":["autodocs","docs"],"storiesImports":[],"kind":"Auth/!isAuthenticatedShield","story":"Docs","parameters":{"__id":"auth-isauthenticatedshield--docs","docsOnly":true,"fileName":"./stories/ProtectedRoute.stories.tsx"}},"auth-isauthenticatedshield--default":{"id":"auth-isauthenticatedshield--default","name":"Default","title":"Auth/!isAuthenticatedShield","importPath":"./stories/ProtectedRoute.stories.tsx","tags":["autodocs","story"],"kind":"Auth/!isAuthenticatedShield","story":"Default","parameters":{"__id":"auth-isauthenticatedshield--default","docsOnly":false,"fileName":"./stories/ProtectedRoute.stories.tsx"}},"components-sidebar--docs":{"id":"components-sidebar--docs","title":"Components/Sidebar","name":"Docs","importPath":"./stories/Sidebar.stories.tsx","tags":["autodocs","docs"],"storiesImports":[],"kind":"Components/Sidebar","story":"Docs","parameters":{"__id":"components-sidebar--docs","docsOnly":true,"fileName":"./stories/Sidebar.stories.tsx"}},"components-sidebar--default":{"id":"components-sidebar--default","name":"Default","title":"Components/Sidebar","importPath":"./stories/Sidebar.stories.tsx","tags":["autodocs","story"],"kind":"Components/Sidebar","story":"Default","parameters":{"__id":"components-sidebar--default","docsOnly":false,"fileName":"./stories/Sidebar.stories.tsx"}},"components-sidebar--dashboard-use-case":{"id":"components-sidebar--dashboard-use-case","name":"Dashboard (Real Use Case)","title":"Components/Sidebar","importPath":"./stories/Sidebar.stories.tsx","tags":["autodocs","story"],"kind":"Components/Sidebar","story":"Dashboard (Real Use Case)","parameters":{"__id":"components-sidebar--dashboard-use-case","docsOnly":false,"fileName":"./stories/Sidebar.stories.tsx"}},"auth-signupform--docs":{"id":"auth-signupform--docs","title":"Auth/SignupForm","name":"Docs","importPath":"./stories/SignupForm.stories.tsx","tags":["autodocs","docs"],"storiesImports":[],"kind":"Auth/SignupForm","story":"Docs","parameters":{"__id":"auth-signupform--docs","docsOnly":true,"fileName":"./stories/SignupForm.stories.tsx"}},"auth-signupform--default":{"id":"auth-signupform--default","name":"Default","title":"Auth/SignupForm","importPath":"./stories/SignupForm.stories.tsx","tags":["autodocs","story"],"kind":"Auth/SignupForm","story":"Default","parameters":{"__id":"auth-signupform--default","docsOnly":false,"fileName":"./stories/SignupForm.stories.tsx"}},"components-skeleton--docs":{"id":"components-skeleton--docs","title":"Components/Skeleton","name":"Docs","importPath":"./stories/Skeleton.stories.tsx","tags":["autodocs","docs"],"storiesImports":[],"kind":"Components/Skeleton","story":"Docs","parameters":{"__id":"components-skeleton--docs","docsOnly":true,"fileName":"./stories/Skeleton.stories.tsx"}},"components-skeleton--single":{"id":"components-skeleton--single","name":"Single","title":"Components/Skeleton","importPath":"./stories/Skeleton.stories.tsx","tags":["autodocs","story"],"kind":"Components/Skeleton","story":"Single","parameters":{"__id":"components-skeleton--single","docsOnly":false,"fileName":"./stories/Skeleton.stories.tsx"}},"components-skeleton--group":{"id":"components-skeleton--group","name":"Group","title":"Components/Skeleton","importPath":"./stories/Skeleton.stories.tsx","tags":["autodocs","story"],"kind":"Components/Skeleton","story":"Group","parameters":{"__id":"components-skeleton--group","docsOnly":false,"fileName":"./stories/Skeleton.stories.tsx"}},"components-skeleton--skeleton-card-use-case":{"id":"components-skeleton--skeleton-card-use-case","name":"Loading Card (Real Use Case)","title":"Components/Skeleton","importPath":"./stories/Skeleton.stories.tsx","tags":["autodocs","story"],"kind":"Components/Skeleton","story":"Loading Card (Real Use Case)","parameters":{"__id":"components-skeleton--skeleton-card-use-case","docsOnly":false,"fileName":"./stories/Skeleton.stories.tsx"}},"components-spinner--docs":{"id":"components-spinner--docs","title":"Components/Spinner","name":"Docs","importPath":"./stories/Spinner.stories.tsx","tags":["autodocs","docs"],"storiesImports":[],"kind":"Components/Spinner","story":"Docs","parameters":{"__id":"components-spinner--docs","docsOnly":true,"fileName":"./stories/Spinner.stories.tsx"}},"components-spinner--default":{"id":"components-spinner--default","name":"Default","title":"Components/Spinner","importPath":"./stories/Spinner.stories.tsx","tags":["autodocs","story"],"kind":"Components/Spinner","story":"Default","parameters":{"__id":"components-spinner--default","docsOnly":false,"fileName":"./stories/Spinner.stories.tsx"}},"components-spinner--inline":{"id":"components-spinner--inline","name":"Inline","title":"Components/Spinner","importPath":"./stories/Spinner.stories.tsx","tags":["autodocs","story"],"kind":"Components/Spinner","story":"Inline","parameters":{"__id":"components-spinner--inline","docsOnly":false,"fileName":"./stories/Spinner.stories.tsx"}},"components-spinner--in-button":{"id":"components-spinner--in-button","name":"In Button","title":"Components/Spinner","importPath":"./stories/Spinner.stories.tsx","tags":["autodocs","story"],"kind":"Components/Spinner","story":"In Button","parameters":{"__id":"components-spinner--in-button","docsOnly":false,"fileName":"./stories/Spinner.stories.tsx"}},"components-spinner--loading-overlay-use-case":{"id":"components-spinner--loading-overlay-use-case","name":"Loading Overlay (Real Use Case)","title":"Components/Spinner","importPath":"./stories/Spinner.stories.tsx","tags":["autodocs","story"],"kind":"Components/Spinner","story":"Loading Overlay (Real Use Case)","parameters":{"__id":"components-spinner--loading-overlay-use-case","docsOnly":false,"fileName":"./stories/Spinner.stories.tsx"}},"components-statscard--docs":{"id":"components-statscard--docs","title":"Components/StatsCard","name":"Docs","importPath":"./stories/StatsCard.stories.tsx","tags":["autodocs","docs"],"storiesImports":[],"kind":"Components/StatsCard","story":"Docs","parameters":{"__id":"components-statscard--docs","docsOnly":true,"fileName":"./stories/StatsCard.stories.tsx"}},"components-statscard--default":{"id":"components-statscard--default","name":"Default","title":"Components/StatsCard","importPath":"./stories/StatsCard.stories.tsx","tags":["autodocs","story"],"kind":"Components/StatsCard","story":"Default","parameters":{"__id":"components-statscard--default","docsOnly":false,"fileName":"./stories/StatsCard.stories.tsx"}},"components-statscard--gradient-success":{"id":"components-statscard--gradient-success","name":"Gradient Success","title":"Components/StatsCard","importPath":"./stories/StatsCard.stories.tsx","tags":["autodocs","story"],"kind":"Components/StatsCard","story":"Gradient Success","parameters":{"__id":"components-statscard--gradient-success","docsOnly":false,"fileName":"./stories/StatsCard.stories.tsx"}},"components-statscard--group":{"id":"components-statscard--group","name":"Group","title":"Components/StatsCard","importPath":"./stories/StatsCard.stories.tsx","tags":["autodocs","story"],"kind":"Components/StatsCard","story":"Group","parameters":{"__id":"components-statscard--group","docsOnly":false,"fileName":"./stories/StatsCard.stories.tsx"}},"components-switch--docs":{"id":"components-switch--docs","title":"Components/Switch","name":"Docs","importPath":"./stories/Switch.stories.tsx","tags":["autodocs","docs"],"storiesImports":[],"kind":"Components/Switch","story":"Docs","parameters":{"__id":"components-switch--docs","docsOnly":true,"fileName":"./stories/Switch.stories.tsx"}},"components-switch--unchecked":{"id":"components-switch--unchecked","name":"Unchecked","title":"Components/Switch","importPath":"./stories/Switch.stories.tsx","tags":["autodocs","story"],"kind":"Components/Switch","story":"Unchecked","parameters":{"__id":"components-switch--unchecked","docsOnly":false,"fileName":"./stories/Switch.stories.tsx"}},"components-switch--checked":{"id":"components-switch--checked","name":"Checked","title":"Components/Switch","importPath":"./stories/Switch.stories.tsx","tags":["autodocs","story"],"kind":"Components/Switch","story":"Checked","parameters":{"__id":"components-switch--checked","docsOnly":false,"fileName":"./stories/Switch.stories.tsx"}},"components-switch--disabled":{"id":"components-switch--disabled","name":"Disabled","title":"Components/Switch","importPath":"./stories/Switch.stories.tsx","tags":["autodocs","story"],"kind":"Components/Switch","story":"Disabled","parameters":{"__id":"components-switch--disabled","docsOnly":false,"fileName":"./stories/Switch.stories.tsx"}},"components-switch--all":{"id":"components-switch--all","name":"All","title":"Components/Switch","importPath":"./stories/Switch.stories.tsx","tags":["autodocs","story"],"kind":"Components/Switch","story":"All","parameters":{"__id":"components-switch--all","docsOnly":false,"fileName":"./stories/Switch.stories.tsx"}},"components-switch--settings-panel-use-case":{"id":"components-switch--settings-panel-use-case","name":"Settings Panel (Real Use Case)","title":"Components/Switch","importPath":"./stories/Switch.stories.tsx","tags":["autodocs","story"],"kind":"Components/Switch","story":"Settings Panel (Real Use Case)","parameters":{"__id":"components-switch--settings-panel-use-case","docsOnly":false,"fileName":"./stories/Switch.stories.tsx"}},"components-tabs--docs":{"id":"components-tabs--docs","title":"Components/Tabs","name":"Docs","importPath":"./stories/Tabs.stories.tsx","tags":["autodocs","docs"],"storiesImports":[],"kind":"Components/Tabs","story":"Docs","parameters":{"__id":"components-tabs--docs","docsOnly":true,"fileName":"./stories/Tabs.stories.tsx"}},"components-tabs--default":{"id":"components-tabs--default","name":"Default","title":"Components/Tabs","importPath":"./stories/Tabs.stories.tsx","tags":["autodocs","story"],"kind":"Components/Tabs","story":"Default","parameters":{"__id":"components-tabs--default","docsOnly":false,"fileName":"./stories/Tabs.stories.tsx"}},"components-textarea--docs":{"id":"components-textarea--docs","title":"Components/Textarea","name":"Docs","importPath":"./stories/Textarea.stories.tsx","tags":["autodocs","docs"],"storiesImports":[],"kind":"Components/Textarea","story":"Docs","parameters":{"__id":"components-textarea--docs","docsOnly":true,"fileName":"./stories/Textarea.stories.tsx"}},"components-textarea--default":{"id":"components-textarea--default","name":"Default","title":"Components/Textarea","importPath":"./stories/Textarea.stories.tsx","tags":["autodocs","story"],"kind":"Components/Textarea","story":"Default","parameters":{"__id":"components-textarea--default","docsOnly":false,"fileName":"./stories/Textarea.stories.tsx"}},"components-textarea--success":{"id":"components-textarea--success","name":"Success","title":"Components/Textarea","importPath":"./stories/Textarea.stories.tsx","tags":["autodocs","story"],"kind":"Components/Textarea","story":"Success","parameters":{"__id":"components-textarea--success","docsOnly":false,"fileName":"./stories/Textarea.stories.tsx"}},"components-textarea--error":{"id":"components-textarea--error","name":"Error","title":"Components/Textarea","importPath":"./stories/Textarea.stories.tsx","tags":["autodocs","story"],"kind":"Components/Textarea","story":"Error","parameters":{"__id":"components-textarea--error","docsOnly":false,"fileName":"./stories/Textarea.stories.tsx"}},"components-textarea--disabled":{"id":"components-textarea--disabled","name":"Disabled","title":"Components/Textarea","importPath":"./stories/Textarea.stories.tsx","tags":["autodocs","story"],"kind":"Components/Textarea","story":"Disabled","parameters":{"__id":"components-textarea--disabled","docsOnly":false,"fileName":"./stories/Textarea.stories.tsx"}},"components-textarea--comment-box-use-case":{"id":"components-textarea--comment-box-use-case","name":"Comment Box (Real Use Case)","title":"Components/Textarea","importPath":"./stories/Textarea.stories.tsx","tags":["autodocs","story"],"kind":"Components/Textarea","story":"Comment Box (Real Use Case)","parameters":{"__id":"components-textarea--comment-box-use-case","docsOnly":false,"fileName":"./stories/Textarea.stories.tsx"}},"components-toast--docs":{"id":"components-toast--docs","title":"Components/Toast","name":"Docs","importPath":"./stories/Toast.stories.tsx","tags":["autodocs","docs"],"storiesImports":[],"kind":"Components/Toast","story":"Docs","parameters":{"__id":"components-toast--docs","docsOnly":true,"fileName":"./stories/Toast.stories.tsx"}},"components-toast--default":{"id":"components-toast--default","name":"Default","title":"Components/Toast","importPath":"./stories/Toast.stories.tsx","tags":["autodocs","story"],"kind":"Components/Toast","story":"Default","parameters":{"__id":"components-toast--default","docsOnly":false,"fileName":"./stories/Toast.stories.tsx"}},"components-toast--toast-after-form":{"id":"components-toast--toast-after-form","name":"Toast after Form Submit (Real Use Case)","title":"Components/Toast","importPath":"./stories/Toast.stories.tsx","tags":["autodocs","story"],"kind":"Components/Toast","story":"Toast after Form Submit (Real Use Case)","parameters":{"__id":"components-toast--toast-after-form","docsOnly":false,"fileName":"./stories/Toast.stories.tsx"}}}}
